requestid,requester,status,additionalnotes,meal,eta,roomname,assignedto
39,bob,PENDING,None,Burger,null,Morgue,randy
40,bob,PENDING,None,Burger,null,Morgue,brandon
41,bob,PENDING,None,Burger,null,Morgue,chase
42,bob,PENDING,None,Burger,null,Morgue,chase
43,bob,PENDING,None,Burger,null,Morgue,aaron
33,chase,PENDING,,Garlick Steak,2023-04-22,Restroom 2 Level 2,eddie
34,chase,PENDING,,Burger,2023-04-22,Asthma Research Floor 1,chase
36,chase,PENDING,,Burger,2023-04-22,Morgue,eddie
37,aaron,PENDING,,Burger,2023-04-22,Morgue,eddie
38,aaron,PENDING,,Burger,2023-04-22,Morgue,eddie
