requestID,requester,status,additionalnotes,meal,eta,roomname,assignedto
5,Bob,PENDING,None,Burger,,Morgue,a
7,Bob,PENDING,None,Burger,,Morgue,a
12,Bob,PENDING,None,Burger,,Morgue,a
3,Bob,PENDING,None,Burger,,Morgue,a
4,HungryMan,PENDING,no cheese no burger,Cheese Burger,,Room2,a
6,Bob,PENDING,None,Burger,,Morgue,staff
15,Bob,PENDING,None,Burger,,Morgue,a
16,Bob,PENDING,None,Burger,,Morgue,a
23,Bob,PENDING,None,Burger,,Morgue,a
24,Bob,PENDING,None,Burger,,Morgue,a
25,Bob,PENDING,None,Burger,,Morgue,a
26,Aaron,PENDING,medium rare,Garlic Steak,,Anesthesia Conf Floor L1,mary
27,Bob,PENDING,None,Burger,,Morgue,a
28,Bob,PENDING,None,Burger,,Morgue,a
29,Bob,PENDING,None,Burger,,Morgue,a